epoch,train_loss,eval_loss,eval_top1,eval_top5
0,0.13743630157063363,8.274015393015022e-06,100.0,100.0
1,3.451162913112753e-06,1.3789356585961522e-06,100.0,100.0
