epoch,train_loss,eval_loss,eval_top1,eval_top5
0,1.7671328484196585,1.7413980885266571,33.59149855907781,87.86023054755043
1,1.7310026052800562,1.7405530946055476,29.9171469740634,87.7521613832853
2,1.7226408338376131,1.7197701841678674,31.376080691642652,87.86023054755043
3,1.7108070021853952,1.7244306668768012,29.9171469740634,87.73414985590779
4,1.7048056957170201,1.7133535775396254,29.9171469740634,87.71613832853026
